canonical_id,class,sign,basis
1,cor-ass BVIN,excitatory,"Default excitatory. No transmitter identity for this cell in Ryan 2016, Kourakis 2019, or Bostwick 2020."
2,cor-ass BVIN,excitatory,"Default excitatory. No transmitter identity for this cell in Ryan 2016, Kourakis 2019, or Bostwick 2020."
3,cil-BVIN,excitatory,"Default excitatory. No transmitter identity for this cell in Ryan 2016, Kourakis 2019, or Bostwick 2020."
4,PNIN,excitatory,"Default excitatory. No transmitter identity for this cell in Ryan 2016, Kourakis 2019, or Bostwick 2020."
5,unassigned,excitatory,"Default excitatory. No transmitter identity for this cell in Ryan 2016, Kourakis 2019, or Bostwick 2020."
6,PNIN,excitatory,"Default excitatory. No transmitter identity for this cell in Ryan 2016, Kourakis 2019, or Bostwick 2020."
13,cil-BVIN,excitatory,"Default excitatory. No transmitter identity for this cell in Ryan 2016, Kourakis 2019, or Bostwick 2020."
15,cor-ass BVIN,excitatory,"Default excitatory. No transmitter identity for this cell in Ryan 2016, Kourakis 2019, or Bostwick 2020."
16,prIN,excitatory,"Default excitatory. No transmitter identity for this cell in Ryan 2016, Kourakis 2019, or Bostwick 2020."
17,cil-BVIN,excitatory,"Default excitatory. No transmitter identity for this cell in Ryan 2016, Kourakis 2019, or Bostwick 2020."
18,cil-BVIN,excitatory,"Default excitatory. No transmitter identity for this cell in Ryan 2016, Kourakis 2019, or Bostwick 2020."
19,unassigned,excitatory,"Default excitatory. No transmitter identity for this cell in Ryan 2016, Kourakis 2019, or Bostwick 2020."
20,PNIN,excitatory,"Default excitatory. No transmitter identity for this cell in Ryan 2016, Kourakis 2019, or Bostwick 2020."
21,cil-BVIN,excitatory,"Default excitatory. No transmitter identity for this cell in Ryan 2016, Kourakis 2019, or Bostwick 2020."
22,cil-BVIN,excitatory,"Default excitatory. No transmitter identity for this cell in Ryan 2016, Kourakis 2019, or Bostwick 2020."
23,cor-ass BVIN,excitatory,"Default excitatory. No transmitter identity for this cell in Ryan 2016, Kourakis 2019, or Bostwick 2020."
24,cil-BVIN,excitatory,"Default excitatory. No transmitter identity for this cell in Ryan 2016, Kourakis 2019, or Bostwick 2020."
25,PNIN,excitatory,"Default excitatory. No transmitter identity for this cell in Ryan 2016, Kourakis 2019, or Bostwick 2020."
29,PNIN,excitatory,"Default excitatory. No transmitter identity for this cell in Ryan 2016, Kourakis 2019, or Bostwick 2020."
30,PNIN,excitatory,"Default excitatory. No transmitter identity for this cell in Ryan 2016, Kourakis 2019, or Bostwick 2020."
33,cil-BVIN,excitatory,"Default excitatory. No transmitter identity for this cell in Ryan 2016, Kourakis 2019, or Bostwick 2020."
35,unassigned,excitatory,"Default excitatory. No transmitter identity for this cell in Ryan 2016, Kourakis 2019, or Bostwick 2020."
38,cor-ass BVIN,excitatory,"Default excitatory. No transmitter identity for this cell in Ryan 2016, Kourakis 2019, or Bostwick 2020."
40,unassigned,excitatory,"Default excitatory. No transmitter identity for this cell in Ryan 2016, Kourakis 2019, or Bostwick 2020."
41,cil-BVIN,excitatory,"Default excitatory. No transmitter identity for this cell in Ryan 2016, Kourakis 2019, or Bostwick 2020."
42,cil-BVIN,excitatory,"Default excitatory. No transmitter identity for this cell in Ryan 2016, Kourakis 2019, or Bostwick 2020."
43,cil-BVIN,excitatory,"Default excitatory. No transmitter identity for this cell in Ryan 2016, Kourakis 2019, or Bostwick 2020."
44,unassigned,excitatory,"Default excitatory. No transmitter identity for this cell in Ryan 2016, Kourakis 2019, or Bostwick 2020."
46,unassigned,excitatory,"Default excitatory. No transmitter identity for this cell in Ryan 2016, Kourakis 2019, or Bostwick 2020."
48,cil-BVIN,excitatory,"Default excitatory. No transmitter identity for this cell in Ryan 2016, Kourakis 2019, or Bostwick 2020."
50,cil-BVIN,excitatory,"Default excitatory. No transmitter identity for this cell in Ryan 2016, Kourakis 2019, or Bostwick 2020."
55,cor-ass BVIN,excitatory,"Default excitatory. No transmitter identity for this cell in Ryan 2016, Kourakis 2019, or Bostwick 2020."
57,unassigned,excitatory,"Default excitatory. No transmitter identity for this cell in Ryan 2016, Kourakis 2019, or Bostwick 2020."
59,cor-ass BVIN,excitatory,"Default excitatory. No transmitter identity for this cell in Ryan 2016, Kourakis 2019, or Bostwick 2020."
60,cor-ass BVIN,excitatory,"Default excitatory. No transmitter identity for this cell in Ryan 2016, Kourakis 2019, or Bostwick 2020."
61,PNIN,excitatory,"Default excitatory. No transmitter identity for this cell in Ryan 2016, Kourakis 2019, or Bostwick 2020."
62,cor-ass BVIN,excitatory,"Default excitatory. No transmitter identity for this cell in Ryan 2016, Kourakis 2019, or Bostwick 2020."
65,PNIN,excitatory,"Default excitatory. No transmitter identity for this cell in Ryan 2016, Kourakis 2019, or Bostwick 2020."
68,cor-ass BVIN,excitatory,"Default excitatory. No transmitter identity for this cell in Ryan 2016, Kourakis 2019, or Bostwick 2020."
70,cor-ass BVIN,excitatory,"Default excitatory. No transmitter identity for this cell in Ryan 2016, Kourakis 2019, or Bostwick 2020."
73,cor-ass BVIN,excitatory,"Default excitatory. No transmitter identity for this cell in Ryan 2016, Kourakis 2019, or Bostwick 2020."
74,pr-AMG RN,inhibitory,Kourakis et al. 2019: pr-AMG relay neurons are GABAergic. Class from Ryan et al. 2016 Figure 1.
78,cor-ass BVIN,excitatory,"Default excitatory. No transmitter identity for this cell in Ryan 2016, Kourakis 2019, or Bostwick 2020."
79,cor-ass BVIN,excitatory,"Default excitatory. No transmitter identity for this cell in Ryan 2016, Kourakis 2019, or Bostwick 2020."
80,prRN,excitatory,"Default excitatory. No transmitter identity for this cell in Ryan 2016, Kourakis 2019, or Bostwick 2020."
82,unassigned,excitatory,"Default excitatory. No transmitter identity for this cell in Ryan 2016, Kourakis 2019, or Bostwick 2020."
85,PNIN,excitatory,"Default excitatory. No transmitter identity for this cell in Ryan 2016, Kourakis 2019, or Bostwick 2020."
86,prRN,excitatory,"Default excitatory. No transmitter identity for this cell in Ryan 2016, Kourakis 2019, or Bostwick 2020."
88,PNIN,excitatory,"Default excitatory. No transmitter identity for this cell in Ryan 2016, Kourakis 2019, or Bostwick 2020."
89,unassigned,excitatory,"Default excitatory. No transmitter identity for this cell in Ryan 2016, Kourakis 2019, or Bostwick 2020."
90,BPIN,excitatory,"Default excitatory. No transmitter identity for this cell in Ryan 2016, Kourakis 2019, or Bostwick 2020."
92,BPIN,excitatory,"Default excitatory. No transmitter identity for this cell in Ryan 2016, Kourakis 2019, or Bostwick 2020."
93,2 RN,excitatory,"Default excitatory. No transmitter identity for this cell in Ryan 2016, Kourakis 2019, or Bostwick 2020."
94,pr-AMG RN,inhibitory,Kourakis et al. 2019: pr-AMG relay neurons are GABAergic. Class from Ryan et al. 2016 Figure 1.
96,prRN,excitatory,"Default excitatory. No transmitter identity for this cell in Ryan 2016, Kourakis 2019, or Bostwick 2020."
100,prRN,excitatory,"Default excitatory. No transmitter identity for this cell in Ryan 2016, Kourakis 2019, or Bostwick 2020."
101,PR-III,excitatory,"Default excitatory. No transmitter identity for this cell in Ryan 2016, Kourakis 2019, or Bostwick 2020."
103,2 RN,excitatory,"Default excitatory. No transmitter identity for this cell in Ryan 2016, Kourakis 2019, or Bostwick 2020."
105,pr-cor RN,excitatory,"Default excitatory. No transmitter identity for this cell in Ryan 2016, Kourakis 2019, or Bostwick 2020."
106,2 RN,excitatory,"Default excitatory. No transmitter identity for this cell in Ryan 2016, Kourakis 2019, or Bostwick 2020."
107,ambiguous,excitatory,"Default excitatory. No transmitter identity for this cell in Ryan 2016, Kourakis 2019, or Bostwick 2020."
108,pr-AMG RN,inhibitory,Kourakis et al. 2019: pr-AMG relay neurons are GABAergic. Class from Ryan et al. 2016 Figure 1.
110,PR-III,excitatory,"Default excitatory. No transmitter identity for this cell in Ryan 2016, Kourakis 2019, or Bostwick 2020."
112,pr-cor RN,excitatory,"Default excitatory. No transmitter identity for this cell in Ryan 2016, Kourakis 2019, or Bostwick 2020."
113,PR-III,excitatory,"Default excitatory. No transmitter identity for this cell in Ryan 2016, Kourakis 2019, or Bostwick 2020."
114,PR-III,excitatory,"Default excitatory. No transmitter identity for this cell in Ryan 2016, Kourakis 2019, or Bostwick 2020."
116,pr-AMG RN,inhibitory,Kourakis et al. 2019: pr-AMG relay neurons are GABAergic. Class from Ryan et al. 2016 Figure 1.
119,pr-cor RN,excitatory,"Default excitatory. No transmitter identity for this cell in Ryan 2016, Kourakis 2019, or Bostwick 2020."
120,ant-cor RN,inhibitory,Bostwick et al. 2020: antenna relay neurons are inhibitory. Class from Ryan et al. 2016 Figure 1.
121,prRN,excitatory,"Default excitatory. No transmitter identity for this cell in Ryan 2016, Kourakis 2019, or Bostwick 2020."
122,2 RN,excitatory,"Default excitatory. No transmitter identity for this cell in Ryan 2016, Kourakis 2019, or Bostwick 2020."
123,pr-BTN RN,excitatory,"Default excitatory. No transmitter identity for this cell in Ryan 2016, Kourakis 2019, or Bostwick 2020."
124,pr-AMG RN,inhibitory,Kourakis et al. 2019: pr-AMG relay neurons are GABAergic. Class from Ryan et al. 2016 Figure 1.
125,2 RN,excitatory,"Default excitatory. No transmitter identity for this cell in Ryan 2016, Kourakis 2019, or Bostwick 2020."
126,prRN,excitatory,"Default excitatory. No transmitter identity for this cell in Ryan 2016, Kourakis 2019, or Bostwick 2020."
127,pr-AMG RN,inhibitory,Kourakis et al. 2019: pr-AMG relay neurons are GABAergic. Class from Ryan et al. 2016 Figure 1.
130,pr-BTN RN,excitatory,"Default excitatory. No transmitter identity for this cell in Ryan 2016, Kourakis 2019, or Bostwick 2020."
131,PN RN,excitatory,"Default excitatory. No transmitter identity for this cell in Ryan 2016, Kourakis 2019, or Bostwick 2020."
134,ant1/2 RN,inhibitory,Bostwick et al. 2020: antenna relay neurons are inhibitory. Class from Ryan et al. 2016 Figure 1.
135,ant2 RN,inhibitory,Bostwick et al. 2020: antenna relay neurons are inhibitory. Class from Ryan et al. 2016 Figure 1.
138,prIN,excitatory,"Default excitatory. No transmitter identity for this cell in Ryan 2016, Kourakis 2019, or Bostwick 2020."
139,unassigned,excitatory,"Default excitatory. No transmitter identity for this cell in Ryan 2016, Kourakis 2019, or Bostwick 2020."
140,pr-AMG RN,inhibitory,Kourakis et al. 2019: pr-AMG relay neurons are GABAergic. Class from Ryan et al. 2016 Figure 1.
142,ant1/2 RN,inhibitory,Bostwick et al. 2020: antenna relay neurons are inhibitory. Class from Ryan et al. 2016 Figure 1.
143,ant1/2 RN,inhibitory,Bostwick et al. 2020: antenna relay neurons are inhibitory. Class from Ryan et al. 2016 Figure 1.
147,ant1 RN,inhibitory,Bostwick et al. 2020: antenna relay neurons are inhibitory. Class from Ryan et al. 2016 Figure 1.
149,unassigned,excitatory,"Default excitatory. No transmitter identity for this cell in Ryan 2016, Kourakis 2019, or Bostwick 2020."
152,ant1 RN,inhibitory,Bostwick et al. 2020: antenna relay neurons are inhibitory. Class from Ryan et al. 2016 Figure 1.
153,ant2 RN,inhibitory,Bostwick et al. 2020: antenna relay neurons are inhibitory. Class from Ryan et al. 2016 Figure 1.
157,pr-AMG RN,inhibitory,Kourakis et al. 2019: pr-AMG relay neurons are GABAergic. Class from Ryan et al. 2016 Figure 1.
159,ant2 RN,inhibitory,Bostwick et al. 2020: antenna relay neurons are inhibitory. Class from Ryan et al. 2016 Figure 1.
160,PBV PNIN,excitatory,"Default excitatory. No transmitter identity for this cell in Ryan 2016, Kourakis 2019, or Bostwick 2020."
161,ant1 RN,inhibitory,Bostwick et al. 2020: antenna relay neurons are inhibitory. Class from Ryan et al. 2016 Figure 1.
162,PBV PNIN,excitatory,"Default excitatory. No transmitter identity for this cell in Ryan 2016, Kourakis 2019, or Bostwick 2020."
163,PBV PNIN,excitatory,"Default excitatory. No transmitter identity for this cell in Ryan 2016, Kourakis 2019, or Bostwick 2020."
164,PBV PNIN,excitatory,"Default excitatory. No transmitter identity for this cell in Ryan 2016, Kourakis 2019, or Bostwick 2020."
168,unassigned,excitatory,"Default excitatory. No transmitter identity for this cell in Ryan 2016, Kourakis 2019, or Bostwick 2020."
177,ambiguous,excitatory,"Default excitatory. No transmitter identity for this cell in Ryan 2016, Kourakis 2019, or Bostwick 2020."
181,unassigned,excitatory,"Default excitatory. No transmitter identity for this cell in Ryan 2016, Kourakis 2019, or Bostwick 2020."
aaIN1,aaIN,excitatory,"Default excitatory. No transmitter identity for this cell in Ryan 2016, Kourakis 2019, or Bostwick 2020."
aaIN2,aaIN,excitatory,"Default excitatory. No transmitter identity for this cell in Ryan 2016, Kourakis 2019, or Bostwick 2020."
aaIN3,aaIN,excitatory,"Default excitatory. No transmitter identity for this cell in Ryan 2016, Kourakis 2019, or Bostwick 2020."
ACIN1L,ACIN,inhibitory,Ryan et al. 2016 Figure 1 cell key: ACIN is the ascending contralateral inhibitory neuron.
ACIN2L,ACIN,inhibitory,Ryan et al. 2016 Figure 1 cell key: ACIN is the ascending contralateral inhibitory neuron.
ACIN2R,ACIN,inhibitory,Ryan et al. 2016 Figure 1 cell key: ACIN is the ascending contralateral inhibitory neuron.
AMG1,AMG,excitatory,"Default excitatory. No transmitter identity for this cell in Ryan 2016, Kourakis 2019, or Bostwick 2020."
AMG2,AMG,excitatory,"Default excitatory. No transmitter identity for this cell in Ryan 2016, Kourakis 2019, or Bostwick 2020."
AMG3,AMG,excitatory,"Default excitatory. No transmitter identity for this cell in Ryan 2016, Kourakis 2019, or Bostwick 2020."
AMG4,AMG,excitatory,"Default excitatory. No transmitter identity for this cell in Ryan 2016, Kourakis 2019, or Bostwick 2020."
AMG5,AMG,excitatory,"Default excitatory. No transmitter identity for this cell in Ryan 2016, Kourakis 2019, or Bostwick 2020."
AMG6,AMG,excitatory,"Default excitatory. No transmitter identity for this cell in Ryan 2016, Kourakis 2019, or Bostwick 2020."
AMG7,AMG,excitatory,"Default excitatory. No transmitter identity for this cell in Ryan 2016, Kourakis 2019, or Bostwick 2020."
Ant1,Ant,excitatory,"Default excitatory. No transmitter identity for this cell in Ryan 2016, Kourakis 2019, or Bostwick 2020."
Ant2,Ant,excitatory,"Default excitatory. No transmitter identity for this cell in Ryan 2016, Kourakis 2019, or Bostwick 2020."
ATEN1,aATEN,excitatory,"Default excitatory. No transmitter identity for this cell in Ryan 2016, Kourakis 2019, or Bostwick 2020."
ATEN2,aATEN,excitatory,"Default excitatory. No transmitter identity for this cell in Ryan 2016, Kourakis 2019, or Bostwick 2020."
ATEN3,aATEN,excitatory,"Default excitatory. No transmitter identity for this cell in Ryan 2016, Kourakis 2019, or Bostwick 2020."
ATEN4,aATEN,excitatory,"Default excitatory. No transmitter identity for this cell in Ryan 2016, Kourakis 2019, or Bostwick 2020."
BTN1,BTN,excitatory,"Default excitatory. No transmitter identity for this cell in Ryan 2016, Kourakis 2019, or Bostwick 2020."
BTN2,BTN,excitatory,"Default excitatory. No transmitter identity for this cell in Ryan 2016, Kourakis 2019, or Bostwick 2020."
BTN3,BTN,excitatory,"Default excitatory. No transmitter identity for this cell in Ryan 2016, Kourakis 2019, or Bostwick 2020."
BTN4,BTN,excitatory,"Default excitatory. No transmitter identity for this cell in Ryan 2016, Kourakis 2019, or Bostwick 2020."
coronet1,Cor,excitatory,"Default excitatory. No transmitter identity for this cell in Ryan 2016, Kourakis 2019, or Bostwick 2020."
coronet2,Cor,excitatory,"Default excitatory. No transmitter identity for this cell in Ryan 2016, Kourakis 2019, or Bostwick 2020."
coronet3,Cor,excitatory,"Default excitatory. No transmitter identity for this cell in Ryan 2016, Kourakis 2019, or Bostwick 2020."
coronet4,Cor,excitatory,"Default excitatory. No transmitter identity for this cell in Ryan 2016, Kourakis 2019, or Bostwick 2020."
coronet5,Cor,excitatory,"Default excitatory. No transmitter identity for this cell in Ryan 2016, Kourakis 2019, or Bostwick 2020."
coronet6,Cor,excitatory,"Default excitatory. No transmitter identity for this cell in Ryan 2016, Kourakis 2019, or Bostwick 2020."
coronet7,Cor,excitatory,"Default excitatory. No transmitter identity for this cell in Ryan 2016, Kourakis 2019, or Bostwick 2020."
coronet8,Cor,excitatory,"Default excitatory. No transmitter identity for this cell in Ryan 2016, Kourakis 2019, or Bostwick 2020."
coronet9,Cor,excitatory,"Default excitatory. No transmitter identity for this cell in Ryan 2016, Kourakis 2019, or Bostwick 2020."
coronet10,Cor,excitatory,"Default excitatory. No transmitter identity for this cell in Ryan 2016, Kourakis 2019, or Bostwick 2020."
coronet11,Cor,excitatory,"Default excitatory. No transmitter identity for this cell in Ryan 2016, Kourakis 2019, or Bostwick 2020."
coronet12,Cor,excitatory,"Default excitatory. No transmitter identity for this cell in Ryan 2016, Kourakis 2019, or Bostwick 2020."
coronet14,Cor,excitatory,"Default excitatory. No transmitter identity for this cell in Ryan 2016, Kourakis 2019, or Bostwick 2020."
coronet16,Cor,excitatory,"Default excitatory. No transmitter identity for this cell in Ryan 2016, Kourakis 2019, or Bostwick 2020."
ddNL,ddN,excitatory,"Default excitatory. No transmitter identity for this cell in Ryan 2016, Kourakis 2019, or Bostwick 2020."
ddNR,ddN,excitatory,"Default excitatory. No transmitter identity for this cell in Ryan 2016, Kourakis 2019, or Bostwick 2020."
Em1,Em,excitatory,"Default excitatory. No transmitter identity for this cell in Ryan 2016, Kourakis 2019, or Bostwick 2020."
Em2,Em,excitatory,"Default excitatory. No transmitter identity for this cell in Ryan 2016, Kourakis 2019, or Bostwick 2020."
lens6,PR-III,excitatory,"Default excitatory. No transmitter identity for this cell in Ryan 2016, Kourakis 2019, or Bostwick 2020."
lens7,PR-III,excitatory,"Default excitatory. No transmitter identity for this cell in Ryan 2016, Kourakis 2019, or Bostwick 2020."
MGIN1L,MGIN,excitatory,"Default excitatory. No transmitter identity for this cell in Ryan 2016, Kourakis 2019, or Bostwick 2020."
MGIN1R,MGIN,excitatory,"Default excitatory. No transmitter identity for this cell in Ryan 2016, Kourakis 2019, or Bostwick 2020."
MGIN2L,MGIN,excitatory,"Default excitatory. No transmitter identity for this cell in Ryan 2016, Kourakis 2019, or Bostwick 2020."
MGIN2R,MGIN,excitatory,"Default excitatory. No transmitter identity for this cell in Ryan 2016, Kourakis 2019, or Bostwick 2020."
MGIN3L,MGIN,excitatory,"Default excitatory. No transmitter identity for this cell in Ryan 2016, Kourakis 2019, or Bostwick 2020."
MGIN3R,MGIN,excitatory,"Default excitatory. No transmitter identity for this cell in Ryan 2016, Kourakis 2019, or Bostwick 2020."
midtail1,MTN,excitatory,"Default excitatory. No transmitter identity for this cell in Ryan 2016, Kourakis 2019, or Bostwick 2020."
midtail2,MTN,excitatory,"Default excitatory. No transmitter identity for this cell in Ryan 2016, Kourakis 2019, or Bostwick 2020."
midtail3,unassigned,excitatory,"Default excitatory. No transmitter identity for this cell in Ryan 2016, Kourakis 2019, or Bostwick 2020."
midtail4,MTN,excitatory,"Default excitatory. No transmitter identity for this cell in Ryan 2016, Kourakis 2019, or Bostwick 2020."
midtail7,MTN,excitatory,"Default excitatory. No transmitter identity for this cell in Ryan 2016, Kourakis 2019, or Bostwick 2020."
MN1L,MN,excitatory,"Default excitatory. No transmitter identity for this cell in Ryan 2016, Kourakis 2019, or Bostwick 2020."
MN1R,MN,excitatory,"Default excitatory. No transmitter identity for this cell in Ryan 2016, Kourakis 2019, or Bostwick 2020."
MN2L,MN,excitatory,"Default excitatory. No transmitter identity for this cell in Ryan 2016, Kourakis 2019, or Bostwick 2020."
MN2R,MN,excitatory,"Default excitatory. No transmitter identity for this cell in Ryan 2016, Kourakis 2019, or Bostwick 2020."
MN3L,MN,excitatory,"Default excitatory. No transmitter identity for this cell in Ryan 2016, Kourakis 2019, or Bostwick 2020."
MN3R,MN,excitatory,"Default excitatory. No transmitter identity for this cell in Ryan 2016, Kourakis 2019, or Bostwick 2020."
MN4L,MN,excitatory,"Default excitatory. No transmitter identity for this cell in Ryan 2016, Kourakis 2019, or Bostwick 2020."
MN4R,MN,excitatory,"Default excitatory. No transmitter identity for this cell in Ryan 2016, Kourakis 2019, or Bostwick 2020."
MN5L,MN,excitatory,"Default excitatory. No transmitter identity for this cell in Ryan 2016, Kourakis 2019, or Bostwick 2020."
MN5R,MN,excitatory,"Default excitatory. No transmitter identity for this cell in Ryan 2016, Kourakis 2019, or Bostwick 2020."
NeckNL,Neck,excitatory,"Default excitatory. No transmitter identity for this cell in Ryan 2016, Kourakis 2019, or Bostwick 2020."
NeckNR,Neck,excitatory,"Default excitatory. No transmitter identity for this cell in Ryan 2016, Kourakis 2019, or Bostwick 2020."
PMGN1,PMGN,excitatory,"Default excitatory. No transmitter identity for this cell in Ryan 2016, Kourakis 2019, or Bostwick 2020."
PMGN2,PMGN,excitatory,"Default excitatory. No transmitter identity for this cell in Ryan 2016, Kourakis 2019, or Bostwick 2020."
pna,pATEN,excitatory,"Default excitatory. No transmitter identity for this cell in Ryan 2016, Kourakis 2019, or Bostwick 2020."
pnb,pATEN,excitatory,"Default excitatory. No transmitter identity for this cell in Ryan 2016, Kourakis 2019, or Bostwick 2020."
pnc,pATEN,excitatory,"Default excitatory. No transmitter identity for this cell in Ryan 2016, Kourakis 2019, or Bostwick 2020."
pnf,pATEN,excitatory,"Default excitatory. No transmitter identity for this cell in Ryan 2016, Kourakis 2019, or Bostwick 2020."
pnh,DCEN,excitatory,"Default excitatory. No transmitter identity for this cell in Ryan 2016, Kourakis 2019, or Bostwick 2020."
pns1,RTEN-a,excitatory,"Default excitatory. No transmitter identity for this cell in Ryan 2016, Kourakis 2019, or Bostwick 2020."
pns2,RTEN-a,excitatory,"Default excitatory. No transmitter identity for this cell in Ryan 2016, Kourakis 2019, or Bostwick 2020."
pns3,RTEN-b,excitatory,"Default excitatory. No transmitter identity for this cell in Ryan 2016, Kourakis 2019, or Bostwick 2020."
pns4,RTEN-b,excitatory,"Default excitatory. No transmitter identity for this cell in Ryan 2016, Kourakis 2019, or Bostwick 2020."
pns5,RTEN-a,excitatory,"Default excitatory. No transmitter identity for this cell in Ryan 2016, Kourakis 2019, or Bostwick 2020."
pns6,RTEN-a,excitatory,"Default excitatory. No transmitter identity for this cell in Ryan 2016, Kourakis 2019, or Bostwick 2020."
pns7,RTEN-b,excitatory,"Default excitatory. No transmitter identity for this cell in Ryan 2016, Kourakis 2019, or Bostwick 2020."
pns9,RTEN-a,excitatory,"Default excitatory. No transmitter identity for this cell in Ryan 2016, Kourakis 2019, or Bostwick 2020."
pns10,RTEN-b,excitatory,"Default excitatory. No transmitter identity for this cell in Ryan 2016, Kourakis 2019, or Bostwick 2020."
pns11,RTEN-b,excitatory,"Default excitatory. No transmitter identity for this cell in Ryan 2016, Kourakis 2019, or Bostwick 2020."
pns12,RTEN-b,excitatory,"Default excitatory. No transmitter identity for this cell in Ryan 2016, Kourakis 2019, or Bostwick 2020."
pns13,RTEN-a,excitatory,"Default excitatory. No transmitter identity for this cell in Ryan 2016, Kourakis 2019, or Bostwick 2020."
pns14,unassigned,excitatory,"Default excitatory. No transmitter identity for this cell in Ryan 2016, Kourakis 2019, or Bostwick 2020."
pnu,DCEN,excitatory,"Default excitatory. No transmitter identity for this cell in Ryan 2016, Kourakis 2019, or Bostwick 2020."
pnw,unassigned,excitatory,"Default excitatory. No transmitter identity for this cell in Ryan 2016, Kourakis 2019, or Bostwick 2020."
pnx,DCEN,excitatory,"Default excitatory. No transmitter identity for this cell in Ryan 2016, Kourakis 2019, or Bostwick 2020."
pr1,PR-I,excitatory,"Default excitatory. No transmitter identity for this cell in Ryan 2016, Kourakis 2019, or Bostwick 2020."
pr2,PR-I,excitatory,"Default excitatory. No transmitter identity for this cell in Ryan 2016, Kourakis 2019, or Bostwick 2020."
pr3,PR-I,excitatory,"Default excitatory. No transmitter identity for this cell in Ryan 2016, Kourakis 2019, or Bostwick 2020."
pr4,PR-I,excitatory,"Default excitatory. No transmitter identity for this cell in Ryan 2016, Kourakis 2019, or Bostwick 2020."
pr5,PR-I,excitatory,"Default excitatory. No transmitter identity for this cell in Ryan 2016, Kourakis 2019, or Bostwick 2020."
pr6,PR-I,excitatory,"Default excitatory. No transmitter identity for this cell in Ryan 2016, Kourakis 2019, or Bostwick 2020."
pr7,PR-I,excitatory,"Default excitatory. No transmitter identity for this cell in Ryan 2016, Kourakis 2019, or Bostwick 2020."
pr8,PR-I,excitatory,"Default excitatory. No transmitter identity for this cell in Ryan 2016, Kourakis 2019, or Bostwick 2020."
pr9,PR-I,excitatory,"Default excitatory. No transmitter identity for this cell in Ryan 2016, Kourakis 2019, or Bostwick 2020."
pr10,PR-I,excitatory,"Default excitatory. No transmitter identity for this cell in Ryan 2016, Kourakis 2019, or Bostwick 2020."
pr11,PR-I,excitatory,"Default excitatory. No transmitter identity for this cell in Ryan 2016, Kourakis 2019, or Bostwick 2020."
pr12,PR-I,excitatory,"Default excitatory. No transmitter identity for this cell in Ryan 2016, Kourakis 2019, or Bostwick 2020."
pr13,PR-I,excitatory,"Default excitatory. No transmitter identity for this cell in Ryan 2016, Kourakis 2019, or Bostwick 2020."
pr14,PR-I,excitatory,"Default excitatory. No transmitter identity for this cell in Ryan 2016, Kourakis 2019, or Bostwick 2020."
pr15,PR-I,excitatory,"Default excitatory. No transmitter identity for this cell in Ryan 2016, Kourakis 2019, or Bostwick 2020."
pr16,PR-I,excitatory,"Default excitatory. No transmitter identity for this cell in Ryan 2016, Kourakis 2019, or Bostwick 2020."
pr17,PR-I,excitatory,"Default excitatory. No transmitter identity for this cell in Ryan 2016, Kourakis 2019, or Bostwick 2020."
pr18,PR-I,excitatory,"Default excitatory. No transmitter identity for this cell in Ryan 2016, Kourakis 2019, or Bostwick 2020."
pr19,PR-I,excitatory,"Default excitatory. No transmitter identity for this cell in Ryan 2016, Kourakis 2019, or Bostwick 2020."
pr20,PR-I,excitatory,"Default excitatory. No transmitter identity for this cell in Ryan 2016, Kourakis 2019, or Bostwick 2020."
pr21,PR-I,excitatory,"Default excitatory. No transmitter identity for this cell in Ryan 2016, Kourakis 2019, or Bostwick 2020."
pr22,PR-I,excitatory,"Default excitatory. No transmitter identity for this cell in Ryan 2016, Kourakis 2019, or Bostwick 2020."
pr23,PR-I,excitatory,"Default excitatory. No transmitter identity for this cell in Ryan 2016, Kourakis 2019, or Bostwick 2020."
pra,PR-II,inhibitory,Kourakis et al. 2019: PR-II photoreceptors are GABAergic.
prb,PR-II,inhibitory,Kourakis et al. 2019: PR-II photoreceptors are GABAergic.
prc,PR-II,inhibitory,Kourakis et al. 2019: PR-II photoreceptors are GABAergic.
prd,PR-II,inhibitory,Kourakis et al. 2019: PR-II photoreceptors are GABAergic.
pre,PR-II,inhibitory,Kourakis et al. 2019: PR-II photoreceptors are GABAergic.
prf,PR-II,inhibitory,Kourakis et al. 2019: PR-II photoreceptors are GABAergic.
prg,PR-II,inhibitory,Kourakis et al. 2019: PR-II photoreceptors are GABAergic.
tail5,unassigned,excitatory,"Default excitatory. No transmitter identity for this cell in Ryan 2016, Kourakis 2019, or Bostwick 2020."
trIN,trIN,excitatory,"Default excitatory. No transmitter identity for this cell in Ryan 2016, Kourakis 2019, or Bostwick 2020."
ukn,BVIN,excitatory,"Default excitatory. No transmitter identity for this cell in Ryan 2016, Kourakis 2019, or Bostwick 2020."
ukn2,BVIN,excitatory,"Default excitatory. No transmitter identity for this cell in Ryan 2016, Kourakis 2019, or Bostwick 2020."
vacIN1,vacIN,excitatory,"Default excitatory. No transmitter identity for this cell in Ryan 2016, Kourakis 2019, or Bostwick 2020."
vacIN2,vacIN,excitatory,"Default excitatory. No transmitter identity for this cell in Ryan 2016, Kourakis 2019, or Bostwick 2020."
